﻿<?xml version="1.0" encoding="UTF-8"?>
<catalog>
  <performace>
    <rule id="ru001">
	  <title>大量の短冊状イメージが指定された</title>
      <comand>XXX</comand>
      <hight>197</hight>
      <width>210</width>	  
      <count>100</count>
	  <condition>lq</condition>
	  <description>高さX, 幅Yのイメージコマンドがいくつ存在するかを計上する</description>
      <solution>
	  　　<action>用紙方向を変更して出力する</action>
	     <link>/resource/performace/ru001.html</link>
	  </solution>
   </rule>

  </performace> 

  <wysiwyg>
    <rule id="ru002">
	  <title>期待した色で出力されない</title>
      <comand>XXX</comand>
      <hight>210</hight>
      <width>197</width>	  
      <count>100</count>
	  <condition>lq</condition>
	  <description>スクリーン干渉しやすいパターン(市松模様など)が使われている</description>
      <solution>
	     <action>なになにをする</action>
		 <link>/resource/wysiwyg/ru002.html</link>
	  </solution>
   </rule> 
  
  </wysiwyg>
 
  <error>
  </error>
 
  <control>
  </control>
</catalog>
