<?xml version="1.0" encoding="UTF-8"?>
<!--<configuration>
    <include resource="org/springframework/boot/logging/logback/base.xml"/>
    <logger name="org.springframework.web" level="INFO"/>
</configuration>-->
<configuration>
    <appender name="STDOUT" class="ch.qos.logback.core.ConsoleAppender">
        <target>System.out</target>
        <encoder>
            <pattern>%d{[yyyy-MM-dd HH:mm:ss]} %-5level %msg%n</pattern>
        </encoder>
    </appender>
    <appender name="FILE" class="ch.qos.logback.core.FileAppender">
        <file>./logs/TagGeneratorT.log</file>
        <encoder>
            <charset>UTF-8</charset>
            <pattern>%d{[yyyy-MM-dd HH:mm:ss]} %-5level %msg%n</pattern>
        </encoder>
    </appender>
 
    <root>
        <level value="INFO" />
        <appender-ref ref="STDOUT" />
        <appender-ref ref="FILE" />
    </root>
</configuration>